{"cameraMode":{"drawMode":0,"name":"Shaded","section":"Shading Mode"},"sceneLighting":true,"audioPlay":false,"sceneViewState":{"m_AlwaysRefresh":false,"showFog":true,"showSkybox":true,"showFlares":true,"showImageEffects":true,"showParticleSystems":true,"showVisualEffectGraphs":true,"m_FxEnabled":true},"in2DMode":false,"pivot":{"x":2.734386444091797,"y":-7.227087020874023,"z":0.7811851501464844},"rotation":{"x":0.17090466618537904,"y":0.8209830522537231,"z":-0.31636151671409609,"w":0.4435082972049713},"size":16.256694793701173,"orthographic":false}